{
  "servicos": [
    { "id": "ki", "nome": "99app", "qtd_disp": 49675, "preco_base": 0.40, "preco_final": 0.46 },
    { "id": "anb", "nome": "Abastece-ai", "qtd_disp": 55044, "preco_base": 0.40, "preco_final": 0.46 },
    { "id": "sa", "nome": "AGIBANK", "qtd_disp": 53818, "preco_base": 0.50, "preco_final": 0.58 },
    { "id": "bbi", "nome": "aiqfome", "qtd_disp": 55044, "preco_base": 0.50, "preco_final": 0.58 },
    { "id": "uk", "nome": "Airbnb", "qtd_disp": 54799, "preco_base": 0.50, "preco_final": 0.58 },
    { "id": "hx", "nome": "AliExpress", "qtd_disp": 55044, "preco_base": 0.50, "preco_final": 0.58 },
    { "id": "hw", "nome": "Alipay/Alibaba", "qtd_disp": 55044, "preco_base": 0.50, "preco_final": 0.58 },
    { "id": "alp", "nome": "Alpha", "qtd_disp": 55041, "preco_base": 0.90, "preco_final": 1.04 },
    { "id": "am", "nome": "Amazon", "qtd_disp": 50323, "preco_base": 0.35, "preco_final": 0.40 },
    { "id": "afi", "nome": "Ame Digital", "qtd_disp": 55044, "preco_base": 0.55, "preco_final": 0.63 },
    { "id": "pm", "nome": "AOL", "qtd_disp": 55044, "preco_base": 0.50, "preco_final": 0.58 },
    { "id": "ml", "nome": "ApostaGanha", "qtd_disp": 55044, "preco_base": 0.30, "preco_final": 0.35 },
    { "id": "wx", "nome": "apple", "qtd_disp": 55044, "preco_base": 0.10, "preco_final": 0.12 },
    { "id": "bqr", "nome": "Asaas", "qtd_disp": 55042, "preco_base": 0.50, "preco_final": 0.58 },
    { "id": "bbl", "nome": "Autodesk", "qtd_disp": 55044, "preco_base": 0.50, "preco_final": 0.58 },
    { "id": "li", "nome": "Baidu", "qtd_disp": 55044, "preco_base": 0.40, "preco_final": 0.46 },
    { "id": "vc", "nome": "Banqi", "qtd_disp": 54978, "preco_base": 0.30, "preco_final": 0.35 },
    { "id": "abd", "nome": "BeBoo", "qtd_disp": 55044, "preco_base": 1.00, "preco_final": 1.15 },
    { "id": "ie", "nome": "bet365", "qtd_disp": 54901, "preco_base": 0.50, "preco_final": 0.58 },
    { "id": "aon", "nome": "Binance", "qtd_disp": 55043, "preco_base": 0.50, "preco_final": 0.58 },
    { "id": "baj", "nome": "Bipa", "qtd_disp": 55044, "preco_base": 0.60, "preco_final": 0.69 },
    { "id": "ht", "nome": "Bitso", "qtd_disp": 55030, "preco_base": 0.30, "preco_final": 0.35 },
    { "id": "ua", "nome": "BlaBlaCar", "qtd_disp": 54973, "preco_base": 0.55, "preco_final": 0.63 },
    { "id": "ann", "nome": "Bradesco", "qtd_disp": 55044, "preco_base": 0.40, "preco_final": 0.46 },
    { "id": "sy", "nome": "Brahma", "qtd_disp": 55044, "preco_base": 0.60, "preco_final": 0.69 },
    { "id": "avy", "nome": "BV", "qtd_disp": 55044, "preco_base": 0.50, "preco_final": 0.58 },
    { "id": "aff", "nome": "C6 Bank", "qtd_disp": 36927, "preco_base": 0.55, "preco_final": 0.63 },
    { "id": "my", "nome": "CAIXA", "qtd_disp": 54832, "preco_base": 1.00, "preco_final": 1.15 },
    { "id": "pc", "nome": "Casino/bet", "qtd_disp": 55044, "preco_base": 1.00, "preco_final": 1.15 },
    { "id": "ix", "nome": "Celcoin", "qtd_disp": 55044, "preco_base": 0.35, "preco_final": 0.40 },
    { "id": "re", "nome": "Coinbase", "qtd_disp": 55009, "preco_base": 1.00, "preco_final": 1.15 },
    { "id": "om", "nome": "Corona", "qtd_disp": 55044, "preco_base": 0.20, "preco_final": 0.23 },
    { "id": "ax", "nome": "CrefisaMais", "qtd_disp": 55044, "preco_base": 0.35, "preco_final": 0.40 },
    { "id": "ccl", "nome": "Cruzeiro", "qtd_disp": 54962, "preco_base": 1.00, "preco_final": 1.15 },
    { "id": "aje", "nome": "CupidMedia", "qtd_disp": 55044, "preco_base": 0.70, "preco_final": 0.81 },
    { "id": "ahi", "nome": "Daki", "qtd_disp": 55044, "preco_base": 0.65, "preco_final": 0.75 },
    { "id": "ds", "nome": "Discord", "qtd_disp": 54577, "preco_base": 0.10, "preco_final": 0.12 },
    { "id": "xj", "nome": "Dotz", "qtd_disp": 55044, "preco_base": 0.50, "preco_final": 0.58 },
    { "id": "eml", "nome": "E-mail", "qtd_disp": 55044, "preco_base": 5.00, "preco_final": 5.75 },
    { "id": "dh", "nome": "eBay", "qtd_disp": 55044, "preco_base": 0.10, "preco_final": 0.12 },
    { "id": "arf", "nome": "Enjoei", "qtd_disp": 54931, "preco_base": 0.50, "preco_final": 0.58 },
    { "id": "apb", "nome": "eToro", "qtd_disp": 55044, "preco_base": 0.65, "preco_final": 0.75 },
    { "id": "fb", "nome": "Facebook", "qtd_disp": 52681, "preco_base": 0.50, "preco_final": 0.58 },
    { "id": "alc", "nome": "Facily", "qtd_disp": 55044, "preco_base": 0.70, "preco_final": 0.81 },
    { "id": "asl", "nome": "Familhao", "qtd_disp": 55044, "preco_base": 0.40, "preco_final": 0.46 },
    { "id": "any", "nome": "FastEarn", "qtd_disp": 55044, "preco_base": 0.60, "preco_final": 0.69 },
    { "id": "aim", "nome": "Firebase", "qtd_disp": 55044, "preco_base": 0.70, "preco_final": 0.81 },
    { "id": "arg", "nome": "Gappx", "qtd_disp": 55044, "preco_base": 0.61, "preco_final": 0.70 },
    { "id": "aiu", "nome": "GetNinjas", "qtd_disp": 55044, "preco_base": 0.65, "preco_final": 0.75 },
    { "id": "go", "nome": "Google", "qtd_disp": 29540, "preco_base": 1.00, "preco_final": 1.15 },
    { "id": "ght", "nome": "Google Chat", "qtd_disp": 55040, "preco_base": 1.00, "preco_final": 1.15 },
    { "id": "gmsg", "nome": "GoogleMsgr", "qtd_disp": 55044, "preco_base": 1.00, "preco_final": 1.15 },
    { "id": "gf", "nome": "GoogleVoice", "qtd_disp": 55044, "preco_base": 1.00, "preco_final": 1.15 },
    { "id": "afe", "nome": "GovBr", "qtd_disp": 54848, "preco_base": 0.50, "preco_final": 0.58 },
    { "id": "yw", "nome": "Grindr", "qtd_disp": 55044, "preco_base": 0.50, "preco_final": 0.58 },
    { "id": "alb", "nome": "Guiche Web", "qtd_disp": 55044, "preco_base": 0.50, "preco_final": 0.58 },
    { "id": "ik", "nome": "GuruBets", "qtd_disp": 55044, "preco_base": 0.25, "preco_final": 0.29 },
    { "id": "iq", "nome": "icq", "qtd_disp": 55044, "preco_base": 0.50, "preco_final": 0.58 },
    { "id": "pd", "nome": "IFood", "qtd_disp": 51723, "preco_base": 0.13, "preco_final": 0.15 },
    { "id": "anx", "nome": "InfinitePay", "qtd_disp": 53804, "preco_base": 0.64, "preco_final": 0.74 },
    { "id": "ig", "nome": "Instagram", "qtd_disp": 53970, "preco_base": 0.40, "preco_final": 0.46 },
    { "id": "btn", "nome": "Itau", "qtd_disp": 49232, "preco_base": 0.60, "preco_final": 0.69 },
    { "id": "ad", "nome": "Iti", "qtd_disp": 55044, "preco_base": 0.40, "preco_final": 0.46 },
    { "id": "kt", "nome": "KakaoTalk", "qtd_disp": 55044, "preco_base": 0.50, "preco_final": 0.58 },
    { "id": "vp", "nome": "Kwai", "qtd_disp": 53335, "preco_base": 0.40, "preco_final": 0.46 },
    { "id": "fh", "nome": "Lalamove", "qtd_disp": 55044, "preco_base": 0.55, "preco_final": 0.63 },
    { "id": "me", "nome": "Line msg", "qtd_disp": 55044, "preco_base": 0.50, "preco_final": 0.58 },
    { "id": "tn", "nome": "LinkedIN", "qtd_disp": 55022, "preco_base": 0.10, "preco_final": 0.12 },
    { "id": "beh", "nome": "LUUP", "qtd_disp": 55044, "preco_base": 0.50, "preco_final": 0.58 },
    { "id": "afq", "nome": "MagaLu", "qtd_disp": 55043, "preco_base": 0.65, "preco_final": 0.75 },
    { "id": "fd", "nome": "Mamba", "qtd_disp": 55044, "preco_base": 0.50, "preco_final": 0.58 },
    { "id": "bwv", "nome": "Manus", "qtd_disp": 54921, "preco_base": 1.00, "preco_final": 1.15 },
    { "id": "uy", "nome": "Meliuz", "qtd_disp": 55044, "preco_base": 0.10, "preco_final": 0.12 },
    { "id": "cq", "nome": "Mercado", "qtd_disp": 46431, "preco_base": 1.30, "preco_final": 1.50 },
    { "id": "amv", "nome": "MeSeems", "qtd_disp": 55044, "preco_base": 1.00, "preco_final": 1.15 },
    { "id": "mm", "nome": "Microsoft", "qtd_disp": 54523, "preco_base": 0.30, "preco_final": 0.35 },
    { "id": "aom", "nome": "Monzo", "qtd_disp": 55044, "preco_base": 0.60, "preco_final": 0.69 },
    { "id": "bgj", "nome": "MoonPay", "qtd_disp": 55044, "preco_base": 0.50, "preco_final": 0.58 },
    { "id": "axm", "nome": "Ñ Me Perturbe", "qtd_disp": 55043, "preco_base": 1.00, "preco_final": 1.15 },
    { "id": "awg", "nome": "Natura Avon", "qtd_disp": 55044, "preco_base": 1.00, "preco_final": 1.15 },
    { "id": "nv", "nome": "Naver", "qtd_disp": 55044, "preco_base": 0.50, "preco_final": 0.58 },
    { "id": "aex", "nome": "Neon", "qtd_disp": 53680, "preco_base": 0.45, "preco_final": 0.52 },
    { "id": "nf", "nome": "Netflix", "qtd_disp": 55042, "preco_base": 0.35, "preco_final": 0.40 },
    { "id": "aey", "nome": "Next", "qtd_disp": 54556, "preco_base": 0.45, "preco_final": 0.52 },
    { "id": "awh", "nome": "NgCash", "qtd_disp": 55044, "preco_base": 0.50, "preco_final": 0.58 },
    { "id": "ew", "nome": "Nike", "qtd_disp": 55044, "preco_base": 0.10, "preco_final": 0.12 },
    { "id": "aaa", "nome": "Nubank", "qtd_disp": 37914, "preco_base": 1.20, "preco_final": 1.38 },
    { "id": "ok", "nome": "Ok.ru", "qtd_disp": 55044, "preco_base": 0.50, "preco_final": 0.58 },
    { "id": "aor", "nome": "OKX", "qtd_disp": 55044, "preco_base": 0.70, "preco_final": 0.81 },
    { "id": "sn", "nome": "Olx", "qtd_disp": 53856, "preco_base": 0.40, "preco_final": 0.46 },
    { "id": "auz", "nome": "Outlier", "qtd_disp": 55044, "preco_base": 0.80, "preco_final": 0.92 },
    { "id": "ot", "nome": "outros", "qtd_disp": 26315, "preco_base": 0.70, "preco_final": 0.81 },
    { "id": "abg", "nome": "PagBank", "qtd_disp": 54342, "preco_base": 0.40, "preco_final": 0.46 },
    { "id": "abf", "nome": "Parimatch", "qtd_disp": 55044, "preco_base": 0.64, "preco_final": 0.74 },
    { "id": "ts", "nome": "paypal", "qtd_disp": 54930, "preco_base": 0.30, "preco_final": 0.35 },
    { "id": "aol", "nome": "Paysera", "qtd_disp": 55044, "preco_base": 0.80, "preco_final": 0.92 },
    { "id": "bqh", "nome": "Pedir Gás", "qtd_disp": 55044, "preco_base": 0.60, "preco_final": 0.69 },
    { "id": "fx", "nome": "PGbonus", "qtd_disp": 55044, "preco_base": 0.50, "preco_final": 0.58 },
    { "id": "pf", "nome": "pof.com", "qtd_disp": 55044, "preco_base": 0.50, "preco_final": 0.58 },
    { "id": "anw", "nome": "Premmia", "qtd_disp": 55041, "preco_base": 0.65, "preco_final": 0.75 },
    { "id": "afs", "nome": "Privalia", "qtd_disp": 55007, "preco_base": 0.61, "preco_final": 0.70 },
    { "id": "dp", "nome": "ProtonMail", "qtd_disp": 55044, "preco_base": 0.50, "preco_final": 0.58 },
    { "id": "bxj", "nome": "Quero-Q PAG", "qtd_disp": 55044, "preco_base": 1.00, "preco_final": 1.15 },
    { "id": "ayk", "nome": "Radquest", "qtd_disp": 55044, "preco_base": 0.50, "preco_final": 0.58 },
    { "id": "aba", "nome": "Rappi", "qtd_disp": 55006, "preco_base": 1.00, "preco_final": 1.15 },
    { "id": "aoz", "nome": "ReclameAQUI", "qtd_disp": 54898, "preco_base": 0.63, "preco_final": 0.72 },
    { "id": "ij", "nome": "Revolut", "qtd_disp": 55044, "preco_base": 0.80, "preco_final": 0.92 },
    { "id": "avp", "nome": "Ripio", "qtd_disp": 55044, "preco_base": 0.50, "preco_final": 0.58 },
    { "id": "lj", "nome": "Santander", "qtd_disp": 52171, "preco_base": 0.50, "preco_final": 0.58 },
    { "id": "abj", "nome": "Serasa", "qtd_disp": 55041, "preco_base": 0.55, "preco_final": 0.63 },
    { "id": "aez", "nome": "Shein", "qtd_disp": 55038, "preco_base": 1.00, "preco_final": 1.15 },
    { "id": "vg", "nome": "ShellBox", "qtd_disp": 55005, "preco_base": 0.30, "preco_final": 0.35 },
    { "id": "ka", "nome": "Shopee", "qtd_disp": 54008, "preco_base": 0.65, "preco_final": 0.75 },
    { "id": "ana", "nome": "sicredi", "qtd_disp": 54961, "preco_base": 1.00, "preco_final": 1.15 },
    { "id": "aqt", "nome": "Skrill", "qtd_disp": 55034, "preco_base": 0.70, "preco_final": 0.81 },
    { "id": "fu", "nome": "Snapchat", "qtd_disp": 55044, "preco_base": 0.40, "preco_final": 0.46 },
    { "id": "bxz", "nome": "SOOP", "qtd_disp": 55044, "preco_base": 1.00, "preco_final": 1.15 },
    { "id": "ky", "nome": "Spaten", "qtd_disp": 55030, "preco_base": 0.35, "preco_final": 0.40 },
    { "id": "mt", "nome": "Steam", "qtd_disp": 55043, "preco_base": 0.10, "preco_final": 0.12 },
    { "id": "tg", "nome": "Telegram", "qtd_disp": 51460, "preco_base": 6.00, "preco_final": 6.90 },
    { "id": "ep", "nome": "Temu", "qtd_disp": 55044, "preco_base": 0.50, "preco_final": 0.58 },
    { "id": "qq", "nome": "Tencent QQ", "qtd_disp": 55044, "preco_base": 0.50, "preco_final": 0.58 },
    { "id": "rb", "nome": "Tick", "qtd_disp": 55044, "preco_base": 0.35, "preco_final": 0.40 },
    { "id": "gp", "nome": "Ticketmaster", "qtd_disp": 55044, "preco_base": 1.00, "preco_final": 1.15 },
    { "id": "lf", "nome": "TikTok/Douyin", "qtd_disp": 54754, "preco_base": 0.90, "preco_final": 1.04 },
    { "id": "oi", "nome": "Tinder", "qtd_disp": 53413, "preco_base": 0.67, "preco_final": 0.77 },
    { "id": "auc", "nome": "TotalPass", "qtd_disp": 55021, "preco_base": 0.30, "preco_final": 0.35 },
    { "id": "tw", "nome": "Twitter", "qtd_disp": 55044, "preco_base": 0.10, "preco_final": 0.12 },
    { "id": "ub", "nome": "Uber", "qtd_disp": 52418, "preco_base": 0.50, "preco_final": 0.58 },
    { "id": "ahb", "nome": "Ubisoft", "qtd_disp": 55044, "preco_base": 1.00, "preco_final": 1.15 },
    { "id": "afr", "nome": "Ultragaz", "qtd_disp": 53249, "preco_base": 0.64, "preco_final": 0.74 },
    { "id": "abh", "nome": "Uol", "qtd_disp": 55029, "preco_base": 0.54, "preco_final": 0.62 },
    { "id": "bdw", "nome": "Valora", "qtd_disp": 55044, "preco_base": 0.70, "preco_final": 0.81 },
    { "id": "vi", "nome": "Viber", "qtd_disp": 53863, "preco_base": 0.10, "preco_final": 0.12 },
    { "id": "vk", "nome": "vk.com", "qtd_disp": 55044, "preco_base": 0.50, "preco_final": 0.58 },
    { "id": "eb", "nome": "Voltz", "qtd_disp": 55044, "preco_base": 0.30, "preco_final": 0.35 },
    { "id": "wr", "nome": "Walmart", "qtd_disp": 55044, "preco_base": 0.70, "preco_final": 0.81 },
    { "id": "bfa", "nome": "Webmotors", "qtd_disp": 55044, "preco_base": 0.50, "preco_final": 0.58 },
    { "id": "wb", "nome": "WeChat", "qtd_disp": 53298, "preco_base": 0.50, "preco_final": 0.58 },
    { "id": "th", "nome": "WestStein", "qtd_disp": 55044, "preco_base": 0.70, "preco_final": 0.81 },
    { "id": "wa", "nome": "WhatsApp", "qtd_disp": 50512, "preco_base": 8.00, "preco_final": 9.20 },
    { "id": "bsa", "nome": "Will", "qtd_disp": 55041, "preco_base": 0.65, "preco_final": 0.75 },
    { "id": "vs", "nome": "Winzo", "qtd_disp": 55043, "preco_base": 0.65, "preco_final": 0.75 },
    { "id": "baa", "nome": "Wirex", "qtd_disp": 55044, "preco_base": 0.70, "preco_final": 0.81 },
    { "id": "bo", "nome": "Wise", "qtd_disp": 55034, "preco_base": 0.50, "preco_final": 0.58 },
    { "id": "aml", "nome": "Xbox", "qtd_disp": 55044, "preco_base": 0.50, "preco_final": 0.58 },
    { "id": "yu", "nome": "Xiaomi", "qtd_disp": 55044, "preco_base": 0.50, "preco_final": 0.58 },
    { "id": "mb", "nome": "Yahoo", "qtd_disp": 55044, "preco_base": 0.12, "preco_final": 0.14 },
    { "id": "yl", "nome": "Yalla", "qtd_disp": 55025, "preco_base": 0.50, "preco_final": 0.58 },
    { "id": "ya", "nome": "Yandex", "qtd_disp": 55044, "preco_base": 0.20, "preco_final": 0.23 },
    { "id": "sm", "nome": "YoWin", "qtd_disp": 55044, "preco_base": 0.50, "preco_final": 0.58 },
    { "id": "em", "nome": "ZéDelivery", "qtd_disp": 54963, "preco_base": 0.25, "preco_final": 0.29 },
    { "id": "btm", "nome": "ZeeNow", "qtd_disp": 55043, "preco_base": 0.60, "preco_final": 0.69 },
    { "id": "zh", "nome": "Zoho", "qtd_disp": 55044, "preco_base": 0.50, "preco_final": 0.58 }
  ]
}